index;file;ts;esco;onto;value;type
7;f9;2022-11-29T18:32:43;http://data.europa.eu/esco/isco/C11;http://ti-2022-11-2918:12:32.586072.org/onto#11;0.99;INST
175;f9;2022-11-29T18:44:17;http://data.europa.eu/esco/isco/C11;http://ti-2022-11-2918:12:32.586072.org/onto#11;0.99;INST
34;f15;2022-11-29T18:44:54;http://data.europa.eu/esco/isco/C112;http://ti-2022-11-2918:12:32.586072.org/onto#112;1.0;INST
262;f16;2022-11-29T18:44:59;http://data.europa.eu/esco/isco/C1120;http://ti-2022-11-2918:12:32.586072.org/onto#112;1.0;INST
65;f1712;2022-11-29T22:09:21;http://data.europa.eu/esco/occupation/9f508305-80ce-4111-8722-f2c9b4a44890;http://ti-2022-11-2918:12:32.586072.org/onto#112a;0.87;INST
82;f1931;2022-11-29T22:38:10;http://data.europa.eu/esco/occupation/bea99fea-0383-4c63-b944-70d4799de2c5;http://ti-2022-11-2918:12:32.586072.org/onto#112a;0.94;INST
77;f17;2022-11-29T18:45:04;http://data.europa.eu/esco/isco/C12;http://ti-2022-11-2918:12:32.586072.org/onto#12;1.0;INST
191;f18;2022-11-29T18:45:10;http://data.europa.eu/esco/isco/C121;http://ti-2022-11-2918:12:32.586072.org/onto#121;1.0;INST
151;f19;2022-11-29T18:45:15;http://data.europa.eu/esco/isco/C1211;http://ti-2022-11-2918:12:32.586072.org/onto#1211;1.0;INST
63;f952;2022-11-29T20:29:00;http://data.europa.eu/esco/occupation/30f3ea93-882a-4525-841c-1d5b4b64076f;http://ti-2022-11-2918:12:32.586072.org/onto#1211;0.95;INST
55;f20;2022-11-29T18:45:20;http://data.europa.eu/esco/isco/C1212;http://ti-2022-11-2918:12:32.586072.org/onto#1212;1.0;INST
185;f2249;2022-11-29T23:20:07;http://data.europa.eu/esco/occupation/f605bcd2-90b6-45a0-a558-d05016d68a77;http://ti-2022-11-2918:12:32.586072.org/onto#1212;0.98;INST
273;f3095;2022-11-30T01:14:39;http://data.europa.eu/esco/occupation/9f12704c-5e6c-47b0-a866-3b92663e6a4b;http://ti-2022-11-2918:12:32.586072.org/onto#1212;0.88;INST
237;f21;2022-11-29T18:45:25;http://data.europa.eu/esco/isco/C1213;http://ti-2022-11-2918:12:32.586072.org/onto#1213;1.0;INST
247;f22;2022-11-29T18:45:31;http://data.europa.eu/esco/isco/C1219;http://ti-2022-11-2918:12:32.586072.org/onto#1219;1.0;INST
174;f23;2022-11-29T18:45:36;http://data.europa.eu/esco/isco/C122;http://ti-2022-11-2918:12:32.586072.org/onto#1221;0.89;INST
133;f24;2022-11-29T18:45:42;http://data.europa.eu/esco/isco/C1221;http://ti-2022-11-2918:12:32.586072.org/onto#1221;1.0;INST
79;f1945;2022-11-29T22:39:55;http://data.europa.eu/esco/occupation/c0489e22-6a1b-4e52-974a-eb71bbb42134;http://ti-2022-11-2918:12:32.586072.org/onto#1222;0.89;INST
178;f2026;2022-11-29T22:50:31;http://data.europa.eu/esco/occupation/cd7b838c-51f6-41ec-9067-bb974c0f991b;http://ti-2022-11-2918:12:32.586072.org/onto#1222;0.88;INST
234;f25;2022-11-29T18:45:47;http://data.europa.eu/esco/isco/C1222;http://ti-2022-11-2918:12:32.586072.org/onto#1222;1.0;INST
45;f2865;2022-11-30T00:43:19;http://data.europa.eu/esco/occupation/6cc19251-763b-4de1-b4f7-526c9ff732d2;http://ti-2022-11-2918:12:32.586072.org/onto#1222;0.89;INST
88;f1410;2022-11-29T21:29:16;http://data.europa.eu/esco/occupation/73ceb2f9-18e3-4cfe-9c06-e9fb31ece440;http://ti-2022-11-2918:12:32.586072.org/onto#1223;0.98;INST
220;f26;2022-11-29T18:45:53;http://data.europa.eu/esco/isco/C1223;http://ti-2022-11-2918:12:32.586072.org/onto#1223;1.0;INST
215;f3252;2022-11-30T01:35:56;http://data.europa.eu/esco/occupation/c02ee787-c30b-4f0d-9d7f-6eb36fc44a5d;http://ti-2022-11-2918:12:32.586072.org/onto#1223;0.87;INST
120;f27;2022-11-29T18:45:58;http://data.europa.eu/esco/isco/C13;http://ti-2022-11-2918:12:32.586072.org/onto#13;1.0;INST
194;f3284;2022-11-30T01:40:17;http://data.europa.eu/esco/occupation/c6bd511a-d966-4df9-a48e-4f800354f268;http://ti-2022-11-2918:12:32.586072.org/onto#13;0.87;INST
168;f28;2022-11-29T18:46:03;http://data.europa.eu/esco/isco/C131;http://ti-2022-11-2918:12:32.586072.org/onto#131;0.99;INST
62;f29;2022-11-29T18:46:08;http://data.europa.eu/esco/isco/C1311;http://ti-2022-11-2918:12:32.586072.org/onto#1311;1.0;INST
173;f30;2022-11-29T18:46:14;http://data.europa.eu/esco/isco/C1312;http://ti-2022-11-2918:12:32.586072.org/onto#1312;1.0;INST
162;f31;2022-11-29T18:46:19;http://data.europa.eu/esco/isco/C132;http://ti-2022-11-2918:12:32.586072.org/onto#132;0.99;INST
125;f1288;2022-11-29T21:13:12;http://data.europa.eu/esco/occupation/6426ada1-4d8c-4612-99e3-91bc569805ee;http://ti-2022-11-2918:12:32.586072.org/onto#1321;0.96;INST
9;f32;2022-11-29T18:46:24;http://data.europa.eu/esco/isco/C1321;http://ti-2022-11-2918:12:32.586072.org/onto#1321;1.0;INST
25;f33;2022-11-29T18:46:30;http://data.europa.eu/esco/isco/C1322;http://ti-2022-11-2918:12:32.586072.org/onto#1322;1.0;INST
76;f34;2022-11-29T18:46:35;http://data.europa.eu/esco/isco/C1323;http://ti-2022-11-2918:12:32.586072.org/onto#1323;1.0;INST
60;f35;2022-11-29T18:46:40;http://data.europa.eu/esco/isco/C1324;http://ti-2022-11-2918:12:32.586072.org/onto#1324;0.99;INST
84;f36;2022-11-29T18:46:46;http://data.europa.eu/esco/isco/C133;http://ti-2022-11-2918:12:32.586072.org/onto#133;1.0;INST
36;f37;2022-11-29T18:46:51;http://data.europa.eu/esco/isco/C1330;http://ti-2022-11-2918:12:32.586072.org/onto#133;1.0;INST
15;f38;2022-11-29T18:46:56;http://data.europa.eu/esco/isco/C134;http://ti-2022-11-2918:12:32.586072.org/onto#134;1.0;INST
245;f39;2022-11-29T18:47:01;http://data.europa.eu/esco/isco/C1341;http://ti-2022-11-2918:12:32.586072.org/onto#1341;1.0;INST
56;f40;2022-11-29T18:47:07;http://data.europa.eu/esco/isco/C1342;http://ti-2022-11-2918:12:32.586072.org/onto#1342;1.0;INST
58;f41;2022-11-29T18:47:12;http://data.europa.eu/esco/isco/C1343;http://ti-2022-11-2918:12:32.586072.org/onto#1343;1.0;INST
268;f2791;2022-11-30T00:33:17;http://data.europa.eu/esco/occupation/5cff1eee-9027-4064-8a26-35b1877e4eb3;http://ti-2022-11-2918:12:32.586072.org/onto#1344;0.88;INST
78;f42;2022-11-29T18:47:17;http://data.europa.eu/esco/isco/C1344;http://ti-2022-11-2918:12:32.586072.org/onto#1344;1.0;INST
115;f43;2022-11-29T18:47:22;http://data.europa.eu/esco/isco/C1345;http://ti-2022-11-2918:12:32.586072.org/onto#1345;1.0;INST
272;f44;2022-11-29T18:47:27;http://data.europa.eu/esco/isco/C1346;http://ti-2022-11-2918:12:32.586072.org/onto#1346;0.99;INST
199;f45;2022-11-29T18:47:34;http://data.europa.eu/esco/isco/C1349;http://ti-2022-11-2918:12:32.586072.org/onto#1349;1.0;INST
216;f46;2022-11-29T18:47:39;http://data.europa.eu/esco/isco/C14;http://ti-2022-11-2918:12:32.586072.org/onto#14;0.99;INST
72;f2080;2022-11-29T22:57:44;http://data.europa.eu/esco/occupation/d5eb6150-bbff-4a9c-9d0c-21eab4dbe2b6;http://ti-2022-11-2918:12:32.586072.org/onto#141;0.88;INST
187;f47;2022-11-29T18:47:46;http://data.europa.eu/esco/isco/C141;http://ti-2022-11-2918:12:32.586072.org/onto#141;1.0;INST
101;f3449;2022-11-30T02:02:21;http://data.europa.eu/esco/occupation/ebb4061a-906f-45fe-b4c0-a871c11f6fab;http://ti-2022-11-2918:12:32.586072.org/onto#1411;0.89;INST
28;f48;2022-11-29T18:47:51;http://data.europa.eu/esco/isco/C1411;http://ti-2022-11-2918:12:32.586072.org/onto#1411;1.0;INST
17;f840;2022-11-29T20:14:25;http://data.europa.eu/esco/occupation/2171a849-4065-411c-8390-835b7782ed8b;http://ti-2022-11-2918:12:32.586072.org/onto#1411;0.94;INST
208;f49;2022-11-29T18:47:57;http://data.europa.eu/esco/isco/C1412;http://ti-2022-11-2918:12:32.586072.org/onto#1412;1.0;INST
150;f50;2022-11-29T18:48:02;http://data.europa.eu/esco/isco/C142;http://ti-2022-11-2918:12:32.586072.org/onto#142;1.0;INST
190;f51;2022-11-29T18:48:07;http://data.europa.eu/esco/isco/C1420;http://ti-2022-11-2918:12:32.586072.org/onto#142;1.0;INST
40;f52;2022-11-29T18:48:12;http://data.europa.eu/esco/isco/C143;http://ti-2022-11-2918:12:32.586072.org/onto#143;1.0;INST
93;f54;2022-11-29T18:48:24;http://data.europa.eu/esco/isco/C1439;http://ti-2022-11-2918:12:32.586072.org/onto#1439;1.0;INST
269;f55;2022-11-29T18:48:29;http://data.europa.eu/esco/isco/C21;http://ti-2022-11-2918:12:32.586072.org/onto#21;1.0;INST
100;f56;2022-11-29T18:48:34;http://data.europa.eu/esco/isco/C211;http://ti-2022-11-2918:12:32.586072.org/onto#211;0.99;INST
71;f57;2022-11-29T18:48:39;http://data.europa.eu/esco/isco/C2111;http://ti-2022-11-2918:12:32.586072.org/onto#2111;1.0;INST
250;f2358;2022-11-29T23:35:07;http://data.europa.eu/esco/occupation/0809ea8a-4f77-4351-a7f1-b9a7b99b6c0b;http://ti-2022-11-2918:12:32.586072.org/onto#2112;0.97;INST
33;f58;2022-11-29T18:48:45;http://data.europa.eu/esco/isco/C2112;http://ti-2022-11-2918:12:32.586072.org/onto#2112;1.0;INST
89;f812;2022-11-29T20:10:48;http://data.europa.eu/esco/occupation/1c862e14-80f8-4aa8-8f1c-fd2ca95b63ad;http://ti-2022-11-2918:12:32.586072.org/onto#2112;0.97;INST
241;f59;2022-11-29T18:48:50;http://data.europa.eu/esco/isco/C2113;http://ti-2022-11-2918:12:32.586072.org/onto#2113;1.0;INST
256;f706;2022-11-29T19:56:53;http://data.europa.eu/esco/occupation/0d93706d-32fd-4de3-aa08-be1003e325da;http://ti-2022-11-2918:12:32.586072.org/onto#2113;0.96;INST
184;f60;2022-11-29T18:48:55;http://data.europa.eu/esco/isco/C2114;http://ti-2022-11-2918:12:32.586072.org/onto#2114;1.0;INST
49;f61;2022-11-29T18:49:01;http://data.europa.eu/esco/isco/C212;http://ti-2022-11-2918:12:32.586072.org/onto#2120;0.98;INST
73;f62;2022-11-29T18:49:07;http://data.europa.eu/esco/isco/C2120;http://ti-2022-11-2918:12:32.586072.org/onto#2120;0.98;INST
264;f67;2022-11-29T18:49:39;http://data.europa.eu/esco/isco/C214;http://ti-2022-11-2918:12:32.586072.org/onto#214;0.98;INST
81;f3359;2022-11-30T01:50:20;http://data.europa.eu/esco/occupation/d7380260-1386-4e36-98b5-8115ca4a3536;http://ti-2022-11-2918:12:32.586072.org/onto#2141;0.96;INST
102;f68;2022-11-29T18:49:44;http://data.europa.eu/esco/isco/C2141;http://ti-2022-11-2918:12:32.586072.org/onto#2141;1.0;INST
197;f2088;2022-11-29T22:58:49;http://data.europa.eu/esco/occupation/d7d986e1-7333-431b-9719-0c5c6939e360;http://ti-2022-11-2918:12:32.586072.org/onto#2142;0.94;INST
23;f69;2022-11-29T18:49:49;http://data.europa.eu/esco/isco/C2142;http://ti-2022-11-2918:12:32.586072.org/onto#2142;1.0;INST
236;f1801;2022-11-29T22:21:08;http://data.europa.eu/esco/occupation/ac1fc6a9-70d2-475c-8fa0-82ef83830968;http://ti-2022-11-2918:12:32.586072.org/onto#2143;0.89;INST
259;f70;2022-11-29T18:49:55;http://data.europa.eu/esco/isco/C2143;http://ti-2022-11-2918:12:32.586072.org/onto#2143;1.0;INST
242;f1196;2022-11-29T21:01:01;http://data.europa.eu/esco/occupation/579254cf-6d69-4889-9000-9c79dc568644;http://ti-2022-11-2918:12:32.586072.org/onto#2144;0.97;INST
114;f71;2022-11-29T18:50:00;http://data.europa.eu/esco/isco/C2144;http://ti-2022-11-2918:12:32.586072.org/onto#2144;1.0;INST
108;f2202;2022-11-29T23:13:55;http://data.europa.eu/esco/occupation/ec21ce88-ce14-49b6-be0a-cc53cf5a3a67;http://ti-2022-11-2918:12:32.586072.org/onto#2145;0.96;INST
2;f3485;2022-11-30T02:07:04;http://data.europa.eu/esco/occupation/f3e23761-0663-4ae0-97a2-0b2dd3fa38a1;http://ti-2022-11-2918:12:32.586072.org/onto#2145;0.89;INST
221;f72;2022-11-29T18:50:05;http://data.europa.eu/esco/isco/C2145;http://ti-2022-11-2918:12:32.586072.org/onto#2145;1.0;INST
128;f73;2022-11-29T18:50:10;http://data.europa.eu/esco/isco/C2146;http://ti-2022-11-2918:12:32.586072.org/onto#2146;0.99;INST
38;f74;2022-11-29T18:50:16;http://data.europa.eu/esco/isco/C2149;http://ti-2022-11-2918:12:32.586072.org/onto#2149;1.0;INST
161;f75;2022-11-29T18:50:21;http://data.europa.eu/esco/isco/C215;http://ti-2022-11-2918:12:32.586072.org/onto#2149;1.0;INST
14;f76;2022-11-29T18:50:27;http://data.europa.eu/esco/isco/C2151;http://ti-2022-11-2918:12:32.586072.org/onto#2151;1.0;INST
80;f1135;2022-11-29T20:53:07;http://data.europa.eu/esco/occupation/4d34a9ee-2653-4da0-bef7-f59294577224;http://ti-2022-11-2918:12:32.586072.org/onto#2152;0.97;INST
127;f2912;2022-11-30T00:49:37;http://data.europa.eu/esco/occupation/77abfaec-a250-4765-95fa-6091e8da1bba;http://ti-2022-11-2918:12:32.586072.org/onto#2152;0.86;INST
154;f77;2022-11-29T18:50:32;http://data.europa.eu/esco/isco/C2152;http://ti-2022-11-2918:12:32.586072.org/onto#2152;1.0;INST
160;f2386;2022-11-29T23:38:50;http://data.europa.eu/esco/occupation/0ea36a48-a27d-4515-b61f-3cab395cf60f;http://ti-2022-11-2918:12:32.586072.org/onto#2153;0.89;INST
107;f2512;2022-11-29T23:55:56;http://data.europa.eu/esco/occupation/26e1add0-da3f-4ed6-aa91-791cb550146f;http://ti-2022-11-2918:12:32.586072.org/onto#2153;0.89;INST
68;f2825;2022-11-30T00:37:49;http://data.europa.eu/esco/occupation/631e504f-0db4-4e03-bf90-3f00d550170f;http://ti-2022-11-2918:12:32.586072.org/onto#2153;0.89;INST
182;f3393;2022-11-30T01:54:53;http://data.europa.eu/esco/occupation/dcfeb6e4-f39d-49fb-96cd-23292fb3e037;http://ti-2022-11-2918:12:32.586072.org/onto#2153;0.89;INST
205;f635;2022-11-29T19:47:13;http://data.europa.eu/esco/occupation/02eb0ae6-ecdd-4602-9c8e-60ffe6dbe1e2;http://ti-2022-11-2918:12:32.586072.org/onto#2153;0.96;INST
156;f78;2022-11-29T18:50:37;http://data.europa.eu/esco/isco/C2153;http://ti-2022-11-2918:12:32.586072.org/onto#2153;1.0;INST
46;f79;2022-11-29T18:50:43;http://data.europa.eu/esco/isco/C216;http://ti-2022-11-2918:12:32.586072.org/onto#216;0.99;INST
232;f1585;2022-11-29T21:52:29;http://data.europa.eu/esco/occupation/8c3f536e-ba66-4321-ba40-363dc39f129b;http://ti-2022-11-2918:12:32.586072.org/onto#2161;0.97;INST
20;f2131;2022-11-29T23:04:28;http://data.europa.eu/esco/occupation/e0b544dd-b621-4126-a55e-054af25c6ea0;http://ti-2022-11-2918:12:32.586072.org/onto#2161;0.86;INST
188;f80;2022-11-29T18:50:48;http://data.europa.eu/esco/isco/C2161;http://ti-2022-11-2918:12:32.586072.org/onto#2161;1.0;INST
43;f1163;2022-11-29T20:56:45;http://data.europa.eu/esco/occupation/52207284-2681-40d3-a317-ec81ca1b3e41;http://ti-2022-11-2918:12:32.586072.org/onto#2162;0.97;INST
124;f81;2022-11-29T18:50:53;http://data.europa.eu/esco/isco/C2162;http://ti-2022-11-2918:12:32.586072.org/onto#2162;1.0;INST
240;f83;2022-11-29T18:51:04;http://data.europa.eu/esco/isco/C2164;http://ti-2022-11-2918:12:32.586072.org/onto#2164;1.0;INST
196;f84;2022-11-29T18:51:09;http://data.europa.eu/esco/isco/C2165;http://ti-2022-11-2918:12:32.586072.org/onto#2165;1.0;INST
87;f2106;2022-11-29T23:01:10;http://data.europa.eu/esco/occupation/db4057de-0c5a-4f68-8f81-2c0765978afb;http://ti-2022-11-2918:12:32.586072.org/onto#22;0.87;INST
26;f86;2022-11-29T18:51:21;http://data.europa.eu/esco/isco/C22;http://ti-2022-11-2918:12:32.586072.org/onto#22;1.0;INST
159;f99;2022-11-29T18:52:41;http://data.europa.eu/esco/isco/C226;http://ti-2022-11-2918:12:32.586072.org/onto#226;1.0;INST
147;f101;2022-11-29T18:52:51;http://data.europa.eu/esco/isco/C2262;http://ti-2022-11-2918:12:32.586072.org/onto#2262;1.0;INST
195;f1473;2022-11-29T21:37:31;http://data.europa.eu/esco/occupation/7c132147-428b-4ea3-87e1-70f7abb691ce;http://ti-2022-11-2918:12:32.586072.org/onto#2262;0.98;INST
13;f126;2022-11-29T18:55:23;http://data.europa.eu/esco/isco/C24;http://ti-2022-11-2918:12:32.586072.org/onto#24;0.99;INST
214;f127;2022-11-29T18:55:28;http://data.europa.eu/esco/isco/C241;http://ti-2022-11-2918:12:32.586072.org/onto#241;1.0;INST
83;f128;2022-11-29T18:55:34;http://data.europa.eu/esco/isco/C2411;http://ti-2022-11-2918:12:32.586072.org/onto#2411;1.0;INST
239;f2212;2022-11-29T23:15:15;http://data.europa.eu/esco/occupation/eda0d957-3c3c-4139-b89a-a18bc9e18897;http://ti-2022-11-2918:12:32.586072.org/onto#2411;0.96;INST
164;f129;2022-11-29T18:55:39;http://data.europa.eu/esco/isco/C2412;http://ti-2022-11-2918:12:32.586072.org/onto#2412;1.0;INST
32;f2145;2022-11-29T23:06:19;http://data.europa.eu/esco/occupation/e20eee17-4876-4f21-a0cb-5d7f40c63cd8;http://ti-2022-11-2918:12:32.586072.org/onto#2412;0.97;INST
97;f2620;2022-11-30T00:10:22;http://data.europa.eu/esco/occupation/3b6d4443-4518-4fb3-ae44-188a958e328d;http://ti-2022-11-2918:12:32.586072.org/onto#2412;0.97;INST
251;f130;2022-11-29T18:55:44;http://data.europa.eu/esco/isco/C2413;http://ti-2022-11-2918:12:32.586072.org/onto#2413;1.0;INST
29;f1597;2022-11-29T21:54:02;http://data.europa.eu/esco/occupation/8d586ee9-0ab1-4155-a3b0-2ca786c8e48c;http://ti-2022-11-2918:12:32.586072.org/onto#241c;1.0;INST
18;f2343;2022-11-29T23:33:07;http://data.europa.eu/esco/occupation/05a06850-d465-481e-9d68-792d4ad1da3e;http://ti-2022-11-2918:12:32.586072.org/onto#241c;1.0;INST
16;f2353;2022-11-29T23:34:25;http://data.europa.eu/esco/occupation/075e4d25-74b3-46fb-9b6e-6b53cdb196e7;http://ti-2022-11-2918:12:32.586072.org/onto#241c;1.0;INST
126;f2763;2022-11-30T00:29:32;http://data.europa.eu/esco/occupation/56afc09a-75a0-49c7-a5cb-256df45d8f2d;http://ti-2022-11-2918:12:32.586072.org/onto#241c;0.89;INST
5;f2928;2022-11-30T00:51:52;http://data.europa.eu/esco/occupation/7a6ca615-a2bc-499d-8288-d186ce2594ea;http://ti-2022-11-2918:12:32.586072.org/onto#241c;0.87;INST
57;f3305;2022-11-30T01:43:06;http://data.europa.eu/esco/occupation/caafca69-9faa-4850-8930-a3fa07fea4e6;http://ti-2022-11-2918:12:32.586072.org/onto#241c;0.89;INST
165;f3401;2022-11-30T01:55:58;http://data.europa.eu/esco/occupation/dfa51b4d-0929-4885-b682-29e375c6b52c;http://ti-2022-11-2918:12:32.586072.org/onto#241c;1.0;INST
152;f3522;2022-11-30T02:12:02;http://data.europa.eu/esco/occupation/fadb09c5-db84-4240-9fd6-68b4c0abeed5;http://ti-2022-11-2918:12:32.586072.org/onto#241c;1.0;INST
146;f131;2022-11-29T18:55:49;http://data.europa.eu/esco/isco/C242;http://ti-2022-11-2918:12:32.586072.org/onto#242;1.0;INST
74;f132;2022-11-29T18:55:54;http://data.europa.eu/esco/isco/C2421;http://ti-2022-11-2918:12:32.586072.org/onto#2421;1.0;INST
222;f133;2022-11-29T18:55:59;http://data.europa.eu/esco/isco/C2422;http://ti-2022-11-2918:12:32.586072.org/onto#2422;1.0;INST
104;f134;2022-11-29T18:56:05;http://data.europa.eu/esco/isco/C2423;http://ti-2022-11-2918:12:32.586072.org/onto#2423;1.0;INST
209;f135;2022-11-29T18:56:10;http://data.europa.eu/esco/isco/C2424;http://ti-2022-11-2918:12:32.586072.org/onto#2424;1.0;INST
109;f136;2022-11-29T18:56:15;http://data.europa.eu/esco/isco/C243;http://ti-2022-11-2918:12:32.586072.org/onto#243;1.0;INST
86;f137;2022-11-29T18:56:21;http://data.europa.eu/esco/isco/C2431;http://ti-2022-11-2918:12:32.586072.org/onto#2431;1.0;INST
54;f138;2022-11-29T18:56:26;http://data.europa.eu/esco/isco/C2432;http://ti-2022-11-2918:12:32.586072.org/onto#2432;1.0;INST
253;f139;2022-11-29T18:56:31;http://data.europa.eu/esco/isco/C2433;http://ti-2022-11-2918:12:32.586072.org/onto#2433;0.99;INST
142;f140;2022-11-29T18:56:37;http://data.europa.eu/esco/isco/C2434;http://ti-2022-11-2918:12:32.586072.org/onto#2434;0.99;INST
201;f141;2022-11-29T18:56:42;http://data.europa.eu/esco/isco/C25;http://ti-2022-11-2918:12:32.586072.org/onto#25;1.0;INST
261;f142;2022-11-29T18:56:48;http://data.europa.eu/esco/isco/C251;http://ti-2022-11-2918:12:32.586072.org/onto#251;0.98;INST
157;f143;2022-11-29T18:56:53;http://data.europa.eu/esco/isco/C2511;http://ti-2022-11-2918:12:32.586072.org/onto#2511;1.0;INST
136;f144;2022-11-29T18:56:58;http://data.europa.eu/esco/isco/C2512;http://ti-2022-11-2918:12:32.586072.org/onto#2512;1.0;INST
263;f2229;2022-11-29T23:17:31;http://data.europa.eu/esco/occupation/f2b15a0e-e65a-438a-affb-29b9d50b77d1;http://ti-2022-11-2918:12:32.586072.org/onto#2512;1.0;INST
229;f145;2022-11-29T18:57:03;http://data.europa.eu/esco/isco/C2513;http://ti-2022-11-2918:12:32.586072.org/onto#2513;0.97;INST
248;f1971;2022-11-29T22:43:17;http://data.europa.eu/esco/occupation/c40a2919-48a9-40ea-b506-1f34f693496d;http://ti-2022-11-2918:12:32.586072.org/onto#2513;0.86;INST
90;f146;2022-11-29T18:57:09;http://data.europa.eu/esco/isco/C2514;http://ti-2022-11-2918:12:32.586072.org/onto#2514;1.0;INST
180;f1918;2022-11-29T22:36:26;http://data.europa.eu/esco/occupation/bd272aee-adc9-4a06-a15c-a73b4b4a46a7;http://ti-2022-11-2918:12:32.586072.org/onto#2514;0.98;INST
1;f2547;2022-11-30T00:00:34;http://data.europa.eu/esco/occupation/2ed56c3f-61d6-4f7e-9ef8-8849eb102e4c;http://ti-2022-11-2918:12:32.586072.org/onto#2514;0.98;INST
228;f732;2022-11-29T20:00:17;http://data.europa.eu/esco/occupation/106f79e4-6264-45f1-9e7a-297435cd684b;http://ti-2022-11-2918:12:32.586072.org/onto#2514;0.9;INST
66;f147;2022-11-29T18:57:14;http://data.europa.eu/esco/isco/C2519;http://ti-2022-11-2918:12:32.586072.org/onto#2519;0.99;INST
266;f646;2022-11-29T19:48:40;http://data.europa.eu/esco/occupation/04ba4d6c-957d-417f-bf63-5b9e015a9f86;http://ti-2022-11-2918:12:32.586072.org/onto#251e;1.0;INST
135;f1764;2022-11-29T22:16:14;http://data.europa.eu/esco/occupation/a6a0b60f-08da-4faa-bf54-942987efb471;http://ti-2022-11-2918:12:32.586072.org/onto#251h;0.96;INST
85;f3069;2022-11-30T01:11:05;http://data.europa.eu/esco/occupation/98c3d8f8-e3a8-49b7-9e58-236f25a6f6a0;http://ti-2022-11-2918:12:32.586072.org/onto#251h;0.86;INST
94;f961;2022-11-29T20:30:06;http://data.europa.eu/esco/occupation/32ac76f6-20a0-469e-8cac-e68634087dd3;http://ti-2022-11-2918:12:32.586072.org/onto#251h;0.91;INST
210;f148;2022-11-29T18:57:20;http://data.europa.eu/esco/isco/C252;http://ti-2022-11-2918:12:32.586072.org/onto#252;1.0;INST
179;f149;2022-11-29T18:57:25;http://data.europa.eu/esco/isco/C2521;http://ti-2022-11-2918:12:32.586072.org/onto#2521;1.0;INST
243;f1586;2022-11-29T21:52:36;http://data.europa.eu/esco/occupation/8c57af09-719c-42b3-be40-6ed4946236cc;http://ti-2022-11-2918:12:32.586072.org/onto#2521;0.88;INST
260;f1600;2022-11-29T21:54:26;http://data.europa.eu/esco/occupation/8d9ec84d-cf2d-4179-87bc-335cda54a427;http://ti-2022-11-2918:12:32.586072.org/onto#2521;0.85;INST
116;f150;2022-11-29T18:57:30;http://data.europa.eu/esco/isco/C2522;http://ti-2022-11-2918:12:32.586072.org/onto#2522;1.0;INST
91;f1706;2022-11-29T22:08:31;http://data.europa.eu/esco/occupation/9e2e6e1e-363b-4e1b-a673-7bc0f7343300;http://ti-2022-11-2918:12:32.586072.org/onto#2522;0.98;INST
257;f151;2022-11-29T18:57:36;http://data.europa.eu/esco/isco/C2523;http://ti-2022-11-2918:12:32.586072.org/onto#2523;1.0;INST
41;f152;2022-11-29T18:57:41;http://data.europa.eu/esco/isco/C2529;http://ti-2022-11-2918:12:32.586072.org/onto#2529;1.0;INST
192;f1577;2022-11-29T21:51:28;http://data.europa.eu/esco/occupation/8b6388a4-4904-471b-9331-d3b1211f5525;http://ti-2022-11-2918:12:32.586072.org/onto#252b;0.92;INST
170;f153;2022-11-29T18:57:46;http://data.europa.eu/esco/isco/C26;http://ti-2022-11-2918:12:32.586072.org/onto#26;0.99;INST
113;f154;2022-11-29T18:57:51;http://data.europa.eu/esco/isco/C261;http://ti-2022-11-2918:12:32.586072.org/onto#261;1.0;INST
39;f155;2022-11-29T18:57:57;http://data.europa.eu/esco/isco/C2611;http://ti-2022-11-2918:12:32.586072.org/onto#2611;1.0;INST
230;f1657;2022-11-29T22:01:53;http://data.europa.eu/esco/occupation/974d4eab-fbee-4c52-b16e-73bdd8c25b53;http://ti-2022-11-2918:12:32.586072.org/onto#2611;0.96;INST
122;f156;2022-11-29T18:58:02;http://data.europa.eu/esco/isco/C2612;http://ti-2022-11-2918:12:32.586072.org/onto#2612;1.0;INST
139;f107;2022-11-29T18:53:26;http://data.europa.eu/esco/isco/C2269;http://ti-2022-11-2918:12:32.586072.org/onto#2619;0.93;INST
225;f125;2022-11-29T18:55:16;http://data.europa.eu/esco/isco/C2359;http://ti-2022-11-2918:12:32.586072.org/onto#2619;0.9;INST
169;f157;2022-11-29T18:58:07;http://data.europa.eu/esco/isco/C2619;http://ti-2022-11-2918:12:32.586072.org/onto#2619;1.0;INST
44;f234;2022-11-29T19:05:50;http://data.europa.eu/esco/isco/C3259;http://ti-2022-11-2918:12:32.586072.org/onto#2619;0.87;INST
231;f158;2022-11-29T18:58:12;http://data.europa.eu/esco/isco/C262;http://ti-2022-11-2918:12:32.586072.org/onto#262;0.99;INST
10;f159;2022-11-29T18:58:18;http://data.europa.eu/esco/isco/C2621;http://ti-2022-11-2918:12:32.586072.org/onto#2621;1.0;INST
119;f160;2022-11-29T18:58:23;http://data.europa.eu/esco/isco/C2622;http://ti-2022-11-2918:12:32.586072.org/onto#2622;0.99;INST
155;f172;2022-11-29T18:59:38;http://data.europa.eu/esco/isco/C265;http://ti-2022-11-2918:12:32.586072.org/onto#265;1.0;INST
144;f176;2022-11-29T19:00:01;http://data.europa.eu/esco/isco/C2654;http://ti-2022-11-2918:12:32.586072.org/onto#2654;0.99;INST
50;f180;2022-11-29T19:00:24;http://data.europa.eu/esco/isco/C31;http://ti-2022-11-2918:12:32.586072.org/onto#31;1.0;INST
153;f191;2022-11-29T19:01:31;http://data.europa.eu/esco/isco/C312;http://ti-2022-11-2918:12:32.586072.org/onto#312;1.0;INST
227;f194;2022-11-29T19:01:49;http://data.europa.eu/esco/isco/C3123;http://ti-2022-11-2918:12:32.586072.org/onto#3123;1.0;INST
207;f2166;2022-11-29T23:09:05;http://data.europa.eu/esco/occupation/e575efca-c3e4-43fe-8c46-327d310f795e;http://ti-2022-11-2918:12:32.586072.org/onto#3123;0.89;INST
189;f2346;2022-11-29T23:33:31;http://data.europa.eu/esco/occupation/05ebeb56-6ceb-488d-ba91-ed15088efc8e;http://ti-2022-11-2918:12:32.586072.org/onto#3123;0.88;INST
223;f711;2022-11-29T19:57:30;http://data.europa.eu/esco/occupation/0dd7e6cd-2e5a-4fae-9ce0-6a3622d4019f;http://ti-2022-11-2918:12:32.586072.org/onto#3123;0.88;INST
163;f1731;2022-11-29T22:11:57;http://data.europa.eu/esco/occupation/a241eff8-309b-43ae-8890-ac4cfbd3067c;http://ti-2022-11-2918:12:32.586072.org/onto#313;0.85;INST
67;f195;2022-11-29T19:01:54;http://data.europa.eu/esco/isco/C313;http://ti-2022-11-2918:12:32.586072.org/onto#313;1.0;INST
47;f201;2022-11-29T19:02:30;http://data.europa.eu/esco/isco/C3139;http://ti-2022-11-2918:12:32.586072.org/onto#3139;1.0;INST
258;f1171;2022-11-29T20:57:47;http://data.europa.eu/esco/occupation/53be4843-8f31-4645-b25c-9a5bbb04f6b6;http://ti-2022-11-2918:12:32.586072.org/onto#313b;0.87;INST
172;f2456;2022-11-29T23:48:21;http://data.europa.eu/esco/occupation/1c36dd08-f6a7-43f2-a889-beebedb71c25;http://ti-2022-11-2918:12:32.586072.org/onto#313b;0.97;INST
105;f1869;2022-11-29T22:30:04;http://data.europa.eu/esco/occupation/b5eaf231-77ad-4a86-8e54-15cc4398aad2;http://ti-2022-11-2918:12:32.586072.org/onto#313c;0.94;INST
198;f212;2022-11-29T19:03:36;http://data.europa.eu/esco/isco/C32;http://ti-2022-11-2918:12:32.586072.org/onto#32;1.0;INST
98;f225;2022-11-29T19:04:55;http://data.europa.eu/esco/isco/C325;http://ti-2022-11-2918:12:32.586072.org/onto#32;0.96;INST
211;f213;2022-11-29T19:03:42;http://data.europa.eu/esco/isco/C321;http://ti-2022-11-2918:12:32.586072.org/onto#321;1.0;INST
8;f214;2022-11-29T19:03:47;http://data.europa.eu/esco/isco/C3211;http://ti-2022-11-2918:12:32.586072.org/onto#3211;1.0;INST
132;f235;2022-11-29T19:05:57;http://data.europa.eu/esco/isco/C33;http://ti-2022-11-2918:12:32.586072.org/onto#33;1.0;INST
103;f236;2022-11-29T19:06:02;http://data.europa.eu/esco/isco/C331;http://ti-2022-11-2918:12:32.586072.org/onto#331;1.0;INST
171;f237;2022-11-29T19:06:07;http://data.europa.eu/esco/isco/C3311;http://ti-2022-11-2918:12:32.586072.org/onto#3311;0.99;INST
265;f1602;2022-11-29T21:54:40;http://data.europa.eu/esco/occupation/8e185c49-704e-49c0-8584-a7e0b618f628;http://ti-2022-11-2918:12:32.586072.org/onto#3312;0.86;INST
202;f238;2022-11-29T19:06:12;http://data.europa.eu/esco/isco/C3312;http://ti-2022-11-2918:12:32.586072.org/onto#3312;1.0;INST
200;f1967;2022-11-29T22:42:48;http://data.europa.eu/esco/occupation/c3aae59e-1441-4b3e-bdd1-6da50dc7cf42;http://ti-2022-11-2918:12:32.586072.org/onto#3313;0.96;INST
176;f239;2022-11-29T19:06:18;http://data.europa.eu/esco/isco/C3313;http://ti-2022-11-2918:12:32.586072.org/onto#3313;1.0;INST
177;f240;2022-11-29T19:06:23;http://data.europa.eu/esco/isco/C3314;http://ti-2022-11-2918:12:32.586072.org/onto#3314;1.0;INST
95;f241;2022-11-29T19:06:28;http://data.europa.eu/esco/isco/C3315;http://ti-2022-11-2918:12:32.586072.org/onto#3315;1.0;INST
75;f242;2022-11-29T19:06:34;http://data.europa.eu/esco/isco/C332;http://ti-2022-11-2918:12:32.586072.org/onto#332;1.0;INST
267;f1724;2022-11-29T22:10:58;http://data.europa.eu/esco/occupation/a198de8c-24b1-4002-982f-a57ae6d6c19c;http://ti-2022-11-2918:12:32.586072.org/onto#3321;0.98;INST
27;f243;2022-11-29T19:06:40;http://data.europa.eu/esco/isco/C3321;http://ti-2022-11-2918:12:32.586072.org/onto#3321;1.0;INST
121;f385;2022-11-29T19:20:35;http://data.europa.eu/esco/isco/C5414;http://ti-2022-11-2918:12:32.586072.org/onto#3321;0.86;INST
249;f244;2022-11-29T19:06:45;http://data.europa.eu/esco/isco/C3322;http://ti-2022-11-2918:12:32.586072.org/onto#3322;1.0;INST
212;f754;2022-11-29T20:03:08;http://data.europa.eu/esco/occupation/14031d4a-6e99-442f-b4fe-18262b6432b2;http://ti-2022-11-2918:12:32.586072.org/onto#3322;0.96;INST
219;f245;2022-11-29T19:06:50;http://data.europa.eu/esco/isco/C3323;http://ti-2022-11-2918:12:32.586072.org/onto#3323;1.0;INST
224;f3383;2022-11-30T01:53:32;http://data.europa.eu/esco/occupation/dbdc9f7b-31c6-4f21-a9c5-48253bb69c08;http://ti-2022-11-2918:12:32.586072.org/onto#3323;0.98;INST
112;f899;2022-11-29T20:22:08;http://data.europa.eu/esco/occupation/29fa406d-de89-4515-be8d-0fe7bda993f1;http://ti-2022-11-2918:12:32.586072.org/onto#3323;0.98;INST
52;f246;2022-11-29T19:06:55;http://data.europa.eu/esco/isco/C3324;http://ti-2022-11-2918:12:32.586072.org/onto#3324;1.0;INST
148;f247;2022-11-29T19:07:01;http://data.europa.eu/esco/isco/C333;http://ti-2022-11-2918:12:32.586072.org/onto#333;1.0;INST
21;f248;2022-11-29T19:07:06;http://data.europa.eu/esco/isco/C3331;http://ti-2022-11-2918:12:32.586072.org/onto#3331;1.0;INST
140;f249;2022-11-29T19:07:11;http://data.europa.eu/esco/isco/C3332;http://ti-2022-11-2918:12:32.586072.org/onto#3332;1.0;INST
31;f3245;2022-11-30T01:35:01;http://data.europa.eu/esco/occupation/be54b8da-bc71-40f0-b150-45c5e0769375;http://ti-2022-11-2918:12:32.586072.org/onto#3332;0.86;INST
19;f799;2022-11-29T20:09:07;http://data.europa.eu/esco/occupation/1b38a27d-ef98-4d9f-b1b2-8c109bf47e79;http://ti-2022-11-2918:12:32.586072.org/onto#3332;0.98;INST
204;f250;2022-11-29T19:07:16;http://data.europa.eu/esco/isco/C3333;http://ti-2022-11-2918:12:32.586072.org/onto#3333;1.0;INST
37;f1604;2022-11-29T21:54:57;http://data.europa.eu/esco/occupation/8ec8df02-e9dd-43b7-b416-5846ae0414ab;http://ti-2022-11-2918:12:32.586072.org/onto#3334;0.97;INST
53;f251;2022-11-29T19:07:22;http://data.europa.eu/esco/isco/C3334;http://ti-2022-11-2918:12:32.586072.org/onto#3334;1.0;INST
69;f3192;2022-11-30T01:27:49;http://data.europa.eu/esco/occupation/b42d8731-386b-4d34-a824-4b736feee1e5;http://ti-2022-11-2918:12:32.586072.org/onto#3334;0.97;INST
117;f3334;2022-11-30T01:47:00;http://data.europa.eu/esco/occupation/d261a6a4-7ea7-4295-a84e-f4b1a56990d7;http://ti-2022-11-2918:12:32.586072.org/onto#3334;0.97;INST
149;f252;2022-11-29T19:07:27;http://data.europa.eu/esco/isco/C3339;http://ti-2022-11-2918:12:32.586072.org/onto#3339;1.0;INST
238;f253;2022-11-29T19:07:33;http://data.europa.eu/esco/isco/C334;http://ti-2022-11-2918:12:32.586072.org/onto#334;1.0;INST
24;f254;2022-11-29T19:07:38;http://data.europa.eu/esco/isco/C3341;http://ti-2022-11-2918:12:32.586072.org/onto#3341;1.0;INST
244;f255;2022-11-29T19:07:43;http://data.europa.eu/esco/isco/C3342;http://ti-2022-11-2918:12:32.586072.org/onto#3342;1.0;INST
35;f256;2022-11-29T19:07:48;http://data.europa.eu/esco/isco/C3343;http://ti-2022-11-2918:12:32.586072.org/onto#3343;1.0;INST
64;f257;2022-11-29T19:07:53;http://data.europa.eu/esco/isco/C3344;http://ti-2022-11-2918:12:32.586072.org/onto#3344;1.0;INST
118;f265;2022-11-29T19:08:44;http://data.europa.eu/esco/isco/C34;http://ti-2022-11-2918:12:32.586072.org/onto#34;0.99;INST
183;f266;2022-11-29T19:08:49;http://data.europa.eu/esco/isco/C341;http://ti-2022-11-2918:12:32.586072.org/onto#341;0.99;INST
3;f267;2022-11-29T19:08:55;http://data.europa.eu/esco/isco/C3411;http://ti-2022-11-2918:12:32.586072.org/onto#3411;1.0;INST
213;f274;2022-11-29T19:09:38;http://data.europa.eu/esco/isco/C343;http://ti-2022-11-2918:12:32.586072.org/onto#343;1.0;INST
51;f279;2022-11-29T19:10:06;http://data.europa.eu/esco/isco/C3435;http://ti-2022-11-2918:12:32.586072.org/onto#343;0.89;INST
6;f1307;2022-11-29T21:15:44;http://data.europa.eu/esco/occupation/66542dd6-05a6-4d9e-97ff-3f4858c31ff9;http://ti-2022-11-2918:12:32.586072.org/onto#3431;0.97;INST
166;f275;2022-11-29T19:09:43;http://data.europa.eu/esco/isco/C3431;http://ti-2022-11-2918:12:32.586072.org/onto#3431;1.0;INST
42;f2875;2022-11-30T00:44:39;http://data.europa.eu/esco/occupation/6e8917c8-d883-4475-954c-ec241215ca18;http://ti-2022-11-2918:12:32.586072.org/onto#3431;0.97;INST
22;f280;2022-11-29T19:10:12;http://data.europa.eu/esco/isco/C35;http://ti-2022-11-2918:12:32.586072.org/onto#35;1.0;INST
106;f281;2022-11-29T19:10:18;http://data.europa.eu/esco/isco/C351;http://ti-2022-11-2918:12:32.586072.org/onto#351;1.0;INST
134;f282;2022-11-29T19:10:23;http://data.europa.eu/esco/isco/C3511;http://ti-2022-11-2918:12:32.586072.org/onto#3511;1.0;INST
12;f283;2022-11-29T19:10:29;http://data.europa.eu/esco/isco/C3512;http://ti-2022-11-2918:12:32.586072.org/onto#3512;1.0;INST
70;f284;2022-11-29T19:10:34;http://data.europa.eu/esco/isco/C3513;http://ti-2022-11-2918:12:32.586072.org/onto#3513;1.0;INST
206;f285;2022-11-29T19:10:39;http://data.europa.eu/esco/isco/C3514;http://ti-2022-11-2918:12:32.586072.org/onto#3514;1.0;INST
130;f287;2022-11-29T19:10:51;http://data.europa.eu/esco/isco/C3521;http://ti-2022-11-2918:12:32.586072.org/onto#3519;1.0;INST
233;f321;2022-11-29T19:14:09;http://data.europa.eu/esco/isco/C44;http://ti-2022-11-2918:12:32.586072.org/onto#4;0.96;INST
141;f322;2022-11-29T19:14:14;http://data.europa.eu/esco/isco/C441;http://ti-2022-11-2918:12:32.586072.org/onto#4;0.96;INST
252;f289;2022-11-29T19:11:02;http://data.europa.eu/esco/isco/C41;http://ti-2022-11-2918:12:32.586072.org/onto#41;1.0;INST
48;f1240;2022-11-29T21:06:52;http://data.europa.eu/esco/occupation/5c5b153e-4bf8-4f3d-973d-12fabf306d12;http://ti-2022-11-2918:12:32.586072.org/onto#412;0.98;INST
226;f292;2022-11-29T19:11:19;http://data.europa.eu/esco/isco/C412;http://ti-2022-11-2918:12:32.586072.org/onto#412;0.97;INST
137;f293;2022-11-29T19:11:25;http://data.europa.eu/esco/isco/C4120;http://ti-2022-11-2918:12:32.586072.org/onto#412;0.97;INST
143;f294;2022-11-29T19:11:30;http://data.europa.eu/esco/isco/C413;http://ti-2022-11-2918:12:32.586072.org/onto#413;1.0;INST
145;f295;2022-11-29T19:11:35;http://data.europa.eu/esco/isco/C4131;http://ti-2022-11-2918:12:32.586072.org/onto#4131;1.0;INST
138;f1287;2022-11-29T21:13:03;http://data.europa.eu/esco/occupation/6353b3e8-e8f2-4ecb-b230-186927139892;http://ti-2022-11-2918:12:32.586072.org/onto#4132;0.96;INST
158;f1656;2022-11-29T22:01:45;http://data.europa.eu/esco/occupation/9729c0f3-c9bc-482e-ac59-a82ec3b67ba3;http://ti-2022-11-2918:12:32.586072.org/onto#4132;0.96;INST
110;f296;2022-11-29T19:11:41;http://data.europa.eu/esco/isco/C4132;http://ti-2022-11-2918:12:32.586072.org/onto#4132;1.0;INST
59;f2066;2022-11-29T22:55:51;http://data.europa.eu/esco/occupation/d3edb8f8-3a06-47a0-8fb9-9b212c006aa2;http://ti-2022-11-2918:12:32.586072.org/onto#413a;0.96;INST
186;f2979;2022-11-30T00:58:47;http://data.europa.eu/esco/occupation/84871c2a-abd1-45eb-b03a-65e51a26fd84;http://ti-2022-11-2918:12:32.586072.org/onto#413a;0.87;INST
254;f875;2022-11-29T20:18:58;http://data.europa.eu/esco/occupation/258e46f9-0075-4a2e-adae-1ff0477e0f30;http://ti-2022-11-2918:12:32.586072.org/onto#413a;0.87;INST
218;f950;2022-11-29T20:28:45;http://data.europa.eu/esco/occupation/30ca97f4-a4fd-4189-a781-ac08f6b09b78;http://ti-2022-11-2918:12:32.586072.org/onto#413a;0.87;INST
167;f297;2022-11-29T19:11:46;http://data.europa.eu/esco/isco/C42;http://ti-2022-11-2918:12:32.586072.org/onto#42;1.0;INST
131;f303;2022-11-29T19:12:23;http://data.europa.eu/esco/isco/C422;http://ti-2022-11-2918:12:32.586072.org/onto#422;1.0;INST
96;f1233;2022-11-29T21:05:54;http://data.europa.eu/esco/occupation/5b9a678a-7c35-4c50-a804-754b82652ee6;http://ti-2022-11-2918:12:32.586072.org/onto#4221;0.98;INST
270;f1459;2022-11-29T21:35:40;http://data.europa.eu/esco/occupation/79f8f68c-5509-4119-9373-8bef1c364d31;http://ti-2022-11-2918:12:32.586072.org/onto#4221;0.98;INST
203;f304;2022-11-29T19:12:29;http://data.europa.eu/esco/isco/C4221;http://ti-2022-11-2918:12:32.586072.org/onto#4221;1.0;INST
111;f896;2022-11-29T20:21:44;http://data.europa.eu/esco/occupation/291da1ab-1f90-426d-bbc5-60d0fa7d608b;http://ti-2022-11-2918:12:32.586072.org/onto#4221;0.99;INST
246;f312;2022-11-29T19:13:17;http://data.europa.eu/esco/isco/C43;http://ti-2022-11-2918:12:32.586072.org/onto#43;1.0;INST
181;f313;2022-11-29T19:13:22;http://data.europa.eu/esco/isco/C431;http://ti-2022-11-2918:12:32.586072.org/onto#431;1.0;INST
129;f314;2022-11-29T19:13:27;http://data.europa.eu/esco/isco/C4311;http://ti-2022-11-2918:12:32.586072.org/onto#4311;1.0;INST
217;f315;2022-11-29T19:13:33;http://data.europa.eu/esco/isco/C4312;http://ti-2022-11-2918:12:32.586072.org/onto#4312;0.99;INST
123;f316;2022-11-29T19:13:38;http://data.europa.eu/esco/isco/C4313;http://ti-2022-11-2918:12:32.586072.org/onto#4313;1.0;INST
99;f496;2022-11-29T19:32:02;http://data.europa.eu/esco/isco/C754;http://ti-2022-11-2918:12:32.586072.org/onto#7;0.97;INST
4;f501;2022-11-29T19:32:32;http://data.europa.eu/esco/isco/C7549;http://ti-2022-11-2918:12:32.586072.org/onto#7;0.87;INST
271;f469;2022-11-29T19:29:19;http://data.europa.eu/esco/isco/C74;http://ti-2022-11-2918:12:32.586072.org/onto#74;0.99;INST
255;f470;2022-11-29T19:29:24;http://data.europa.eu/esco/isco/C741;http://ti-2022-11-2918:12:32.586072.org/onto#741;1.0;INST
30;f474;2022-11-29T19:29:48;http://data.europa.eu/esco/isco/C742;http://ti-2022-11-2918:12:32.586072.org/onto#741;0.85;INST
235;f473;2022-11-29T19:29:43;http://data.europa.eu/esco/isco/C7413;http://ti-2022-11-2918:12:32.586072.org/onto#7413;1.0;INST
0;f485;2022-11-29T19:30:55;http://data.europa.eu/esco/isco/C752;http://ti-2022-11-2918:12:32.586072.org/onto#742;0.99;INST
92;f475;2022-11-29T19:29:54;http://data.europa.eu/esco/isco/C7421;http://ti-2022-11-2918:12:32.586072.org/onto#7421;1.0;INST
11;f476;2022-11-29T19:29:59;http://data.europa.eu/esco/isco/C7422;http://ti-2022-11-2918:12:32.586072.org/onto#7422;1.0;INST
61;f1040;2022-11-29T20:40:43;http://data.europa.eu/esco/occupation/3e7bf729-4442-4b9f-ad5e-83111963795c;http://ti-2022-11-2918:12:32.586072.org/onto#742a;0.85;INST
193;f1876;2022-11-29T22:31:00;http://data.europa.eu/esco/occupation/b7aa4b4e-dbb6-4f58-b36c-35b9a7267972;http://ti-2022-11-2918:12:32.586072.org/onto#742a;0.85;INST